YERBA CRUZ MALTA 500GRS X1;0;7790070509048;-9
MANAOS X6;1850;60;-55982
CUNNINGTON 2.25 X6;2100;305;-804
SPEED X250 ML X PACK 24;6648;8013;-157
SPEED XL X PACK 12;4980;8014;-515
COCA 1.5 X8;3940;8020;-9553
PAPEL ROLLO COCINA SUSSEX FAMILIAR X200 X UNIDAD;500;7790250057024;-28
GIN NEW STYLE X UNIDAD;800;10024;-33
CHUPETIN EVOL CHUP DUO;1200;7790580118099;-46
TERRABUSI VARIEDAD X UNIDAD;375;7622201504090;-11
JACK DANIELS HONEY X UNIDAD;17000;545400;0
PAPEL HIGIENICO INTIMO X60MTS X UNIDAD;115;890829;-228
MAGISTRAL 300 ML AMARILLO X UNIDAD;240;890860;-23
PAPEL HIGIENICO HIGIENOL MAX 80 MTS X UNIDAD;820;7790250015826;-325
CAJON QUILMES STOUT;8600;890870;-147
POLENTA PRESTOPRONTA 730GR;429;7790580138721;-47
CHAMPAGNE SUTER X UNIDAD;450;890898;-1
SIDRA LA FARRUCA X UNIDAD;733.33;890916;-1
PROCENEX LIMPIA PISO X1;245;890924;-798
RED BULL PACK X4;1200;890931;-87
PAPEL ROLLO COCINA SUSSEX X3 X50 X UNIDAD;295;7790250056843;-29
PETACA BOLS X UNIDAD;400;77908377;-18
PIONEER X LITRO X UNIDAD;1000;77965233;0
JIM BEAM;7000;80686001409;0
BULLDOG GIN 700ML X UNIDAD;9600;77972583;0
PETACA ANIS X UNIDAD;320;516;0
CHIVAS REGAL 1L X UNIDAD;15000;80432400432;-5
BAILEYS CARAMEL 750ML X UNIDAD;8000;86767701763;0
NEW STYLE COMUN X UNIDAD;770;7790121000555;-80
JACK DANIELS X 750 X UNIDAD;17000;4067700014559;0
BAILEYS CLASICO 750ML X UNIDAD;8000;5011013100132;-2
ABSOLUT COM�N 700ML;7200;7312040017683;-1
ABSOLUT MANGO 750ML;7900;7312040180752;0
ABSOLUT RASPBERRI 700ML;7900;7312040350056;0
ABSOLUT VAINILLA 700ML;7900;7312040350100;0
ABSOLUT PERA 700ML;7900;7312040350254;0
PANTENE SHAMPOO/ACONDI X400ML;950;7500435012287;-45
NESQUIK;550;7613287850379;-29
OREO 118GRS X1;327;7622201502966;-544
CEREALITAS X207 GRS;180;7622201509231;-66
CINZANO ROSSO 950ML X UNIDAD;1450;7622201703073;-125
CINZANO ROSSO 950ML X CAJA 12;17400;170;-13
VALMONT X UNIDAD;466.67;7622201804251;0
MANTECOL 26 GRS X UNIDAD;50;7622201812652;0
MANTECOL 26 GRS X CAJA;700;7622201816384;0
TERMIDOR TINTO CAJA X12;8000;7622210695253;-713.5
OREO 354 GRS X3 UNIDADES;750;7622300841461;-262
SODA MANAOS X6;1830;7730908404503;-1047
UVITA BLANCO CAJA X12;8000;7790036046327;-162
UKO X UNIDAD;800;7790036048260;-2
UVITA B DULCE CAJA X12;8000;7790036068329;-207
SODA CIMES X6;1750;7790040133471;-288
SUCARYL X64GRS 80 SOBRES;400;2222;0
RON NEW STYLE BLANCO;1250;7790040139268;-16
SERNOVA CLASICO X UNIDAD;2200;7790040725102;-2
MEDIA TARDE X3;350;7790040930100;-582
RON NEW STYLE DORADO;1650;7790040930605;-5
FIDEOS LUCCHETTI SPAGHETTI;360;7790070318336;-586
SIDRA LA QUINTANA X UNIDAD;300;7790119009881;-1
PROCENEX LIMPIA PISO X12;2900;7790119010450;-14
RON CAYMAN LIGHT;1200;7790121001071;0
RON CAIMAN DORADO;900;7790121001569;-6
FEDERICO EXTRA BRUT X CAJA 6;7200;7790139002879;-189
SHERIDANS X UNIDAD;8000;7790154000485;-4
SIDRA 1888 X UNIDAD;1000;7790154008580;-14
PETACA PI�A MOONLIGHT CLUB X 12;1200;7790163013018;0
VODKA 67 COM�N X1;950;7790163013407;-6
PAPEL HIGIENICO HIGIENOL EXPORT 30 MTS X UNIDAD;410;7790250016205;-488
PAPEL HIGIE ELEG H/SX30 MTS X UN;480;7793344904143;-559
BON O BON BARRA CHICA X CAJA 20;2600;1277;-4
PAPEL ROLLO COCINA ELEGANTE  X50 X UNIDAD;480;7793344904013;-724
PAPEL ROLLO COCINA ELEGANTE X200 X UNIDAD;560;7793344009206;-427
PAPEL ROLLO COCINA ELEGANTE  X120 X UNIDAD;650;7793344009237;-85
PA�O AMARILLO BALERINAS;40;7790250054726;-5
JAGGER X UNIDAD;9500;36;-3
PINDAPOY X200 ML;1500;7790260006043;-18
GORDON'S GIN X UNIDAD;3100;7791250002267;-21
TRAVIATA X3;390;7790260013058;-810
FEDERICO EXTRA DULCE X CAJA 6;7200;7790290101459;-250
FEDERICO EXTRA DULCE X UNIDAD;1200;7790290101466;-551
CORONA X 710 X12UN;8400;7790369000997;-389
FRIZZE 1L AZUL X UNIDAD;500;7790380005438;-62
MATE COCIDO TARAGUI;280;7790387000849;-36
YERBA ROSAMONTE 500GRSX10;7500;7790387013627;-8
YERBA TARAGUI 500;800;7790387014327;-275
YERBA TARAGUI 500GRS X10;8000;222;-36
YERBA PLAYADITO 1K X5;0;7790411000029;-22
YERBA PLAYADITO 1K X 1;0;7793704000928;-61
YERBA ROSAMONTE 500GR X1;750;7790411001507;-23
FANTA 2.25 X6;4100;7790480008919;-583
RAID X 1;710;7790520997623;-287
GINEBRA BOLS X UNIDAD;1200;7790520996640;-105
CROTTA MISTELA X2 LT X UNIDAD;1575;7790577005036;-8
COCA X500 X12;3300;7790895067532;-4571
FANTA 1.5 X8;3940;7790628000034;-289
YERBA AMANDA 1K X1;1200;7790710000102;-31
WHITE HORSE X750 ML X UNIDAD;2800;7791250001253;-14
PLACER 500ML  X12;1380;7790740509200;-8055
SPEED X 250 ML X UNIDAD;277;7790895000447;-426
SPEED XL X UNIDAD;415;7790895001000;-291
EXQUISITA BIZCOCHUELO VAINILLA;340;7790895001017;-13
CEPITA 1L;2400;7790895641534;-235
DON VALENTIN LACRADO X6;7500;7790940235077;-270
RUMBA X36;5400;7790945004890;0
TERNA X6;1380;7790950133356;-5
TERMA X1;300;7790950133370;-205
TEQUILA SOL AZTECA X CAJA 6;7200;7790950135992;0
JOHNNIE WALKER 750 RED LABEL X UNIDAD;8000;7790957000538;-1
CHANDON ROSE X UNIDAD;2500;7790975198590;0
CHANDON EXTRA BRUT X UNIDAD;3000;7790975198613;-22
CHANDON DEMI SEC X UNIDAD;3000;7790975198637;-36
CHANDON DELICE X UNIDAD;3000;7790975198651;-5
MARIPOSA 750ML;990;7790984002260;-75
SPRITE 2.25L X6;4100;7790990012291;-1808
SPRITE 500 X12;3300;7790990012307;-216
PAPEL ROLLO COCINA CAMPANITA X200 X UNIDAD;440;7791070005615;-192
PAPEL HIGI�NICO CAMPANITA XL X80 X UNIDAD;650;7791070005103;-177
PEPSI 2.25 X8;3300;.;0
CINZANO BIANCO 950ML X UNIDAD;1450;7791200200552;-32
SKIP 500CC LIQ P/DILUIR;2100;7791200200606;-55
SKYY CLASICO X CAJA 12;29040;7791200200613;-1
SIDRA REAL X1;3350;7791200200620;-1
TORO VIEJO 700 PACK X6;2500;7791218123799;-172
CIF BIO ACTIVE 300ML X UNIDAD;375;7791290012158;-107
DETERGENTE MAGISTRAL 300ML X UNIDAD;240;7791290791985;-33
CIF BIO ACTIVE 500ML X UNIDAD;660;7791290792517;-108
SIDRA REAL CAJA X6;558.33;7791290792791;-1
RESERVA SAN JUAN X750 X UNIDAD;2100;7791293022536;-1
COCA 2.25 X6;4100;7791324156797;-30056
MONTEFALCON X UNIDAD;800;7790984001690;0
TE TARAGUI X 100 SAQUITOS;560;7791359110023;-28
TE TARAGUI X25 SAQUITOS;185;7791359120114;-537
WISKY BLENDERS 1LT X UNIDAD;2000;7791533005800;-17
CYNAR X UNIDAD;1700;7791540049590;-3
FANTA 500 X12;3300;7791670026621;-103
PATE SWIFT X 1;160;7791690000298;-194
PURE TOMATE COPA DE ORO X12;1020;7791690709030;0
PURE TOMATE LA CAMPA�OLA X12;1200;7791690709054;-2
VAL SUD CLASICO X PACK;4390;1251;0
PURE TOMATE LA CAMPA�OLA X1;120;7791690709115;-58
LAMPARA LED 9W X UNIDAD;310;7791772047616;-208
SANTA FILOMENA 700ML X 1;330;34;0
PAPEL HIGIENICO HIGIENOL PREMIUM 30 MTS X UNIDAD;440;7790250015505;-14
PAPEL HIGIE ELEG X6 X UNIDAD;600;7793344904150;-95
PAPEL HIGIENICO HIGIENOL DUO 50 MTS X UNIDAD;1040;7790250015802;-38
PAPEL ELEGANTE X80 VERDE X UNIDAD;940;7791828000343;-170
SURTIDO BAGLEY X UNIDAD;590;7790040138896;-518
NEW STYLE SABORIZADO X UNIDAD;900;7791969016012;-147
GANCIA X950 X UNIDAD;1200;7790950000160;-2144
PASEO MINI CRACKERS 250G;350;7792180007346;-257
9 DE ORO AGRIDULCE;155;7792200000128;-291
WHISKY DOBLE W 1LT X UNIDAD;1200;7792280005693;-70
VI�A DE BALBO X UNIDAD;765;7792360091776;-70
VI�AAS DE ALVEAR TINTO 1.125 X UNIDAD;800;7790480000463;-24
CA�A OMBU X700 ML;900;7792410528917;-109
CAJON IGUANA;6300;7792798000708;-1295
CAJON STELLA;10000;7792798006199;-757
CAJON QUILMES;8000;7792798007387;-555
SPRITE 1.5L X8;3940;7792798010721;-753
SIDRA DEL VALLE X UNIDAD;200;7792834000624;-1
CHUPETIN PICO DULCE X48;1400;7792860001114;-100
SAL CELUSAL ESTUCHE 500GRS X UNIDAD;185;7792900009124;-797
VIEJO SOLAR X UNIDAD;520;7792900093253;0
CAJON HEINEKEN;12000;7793147000899;-561
CAJON PALERMO;6800;7793147001179;-1571
BAGGIO 1LT;3700;1257;-364
VALDERROBLES MAGNUM X6;6000;7793890256567;-33
JUGO PLACER X1.5;920;7794000003606;0
JUGO PLACER X500ML;890;7794000006188;0
MONTEFALCON X CAJA 6;4800;7794068000081;-1
UVITA T DULCE CAJA X12;8000;7794450090614;-58
UVITA TINTO CAJA X12;8000;7794450090713;-3979
CIGARRILLOS RED POINT 20U COMUN X PAQUETE;410;31;-6
CABARCENO X1125 X 6;4000;7795633001229;-10
CABARCENO X1125 UNIDAD;670;7795633003391;-1
POETT LIMPIA PISO X1;290;7793253003500;-1637
CAJON MILLER;9200;7795697431345;-221
JABON REXONA X3 UNID;550;7796311000022;-34
TIA MARIA TRADICIONAL X UNIDAD;1900;7797394002033;-9
TITA X1;110;7798039597679;-2
TEQUILA CAMACHO X CAJA 6;5400;7798054220590;-10
VAT 69 750ML X UNIDAD;2100;7791250002618;-20
CRUSH 2.25L X6;1150;7798094223605;-167
ARVEJA DO�A PUPA;70;7798096031055;-175
VODKA 67 SABOR X6;6000;7798098830472;0
PETACA CRIADORES X UNIDAD;500;77975225;-372
PETACA DOBLE W XUNIDAD;350;7798098830984;-65
PETACA CUSENIER X UNIDAD;450;77913487;-228
SMUGGLER X LITRO X UNIDAD;2800;7798113301529;-61
PINDAPOY 1L;2350;7798113301826;-5
PLACER 1.5L X6;1440;7798113302113;-3860
PURE TOMATE SALSATI X12;1440;7798114094796;0
PURE TOMATE SALSATI X1;140;7798114094819;0
TORO 1.125 TINTO X6;6120;7798120180551;-381
PAPEL HIGIENICO INTIMO X60MTS X BULTO;3740;7793025410093;-2
GLOUCESTER WHISKY X UNIDAD;900;7790121000081;-27
GLOUCESTER HONEY X UNIDAD;900;7798126697206;-1
CIGARRILLOS RED POINT 10U BOX X 10 PAQ;2170;33;-119
GLADE AEROSOL X360CC;350;7790520998262;-38
CINZANO BIANCO 950ML X CAJA 12;17400;7798131200859;-9
CRIADORES X LITRO UNIDAD;2200;7798134521265;-61
CRIADORES 750ML;1800;7798134521395;-5
NEW AGE X UNIDAD;950;7798135762933;-30
COCA X 3LT X6;5000;7798138551985;-483
FIDEOS CABELLO DE ANGEL MATARAZZO;450;7798141971398;-42
FEDERICO EXTRA BRUT X UNIDAD;1200;7798161050226;-301
PASO DE LOS TOROS POMELO 1.5LT X6;1800;7798162584317;-108
SIDRA LA VICTORIA X UNIDAD;500;7798162670133;-2
COLON MALBEC X CAJA 6;5280;7798162670294;-49
COLON CABERNET X CAJA 6;5280;7798162670317;-18
VODKA 67 SABOR X1;1000;7798181920151;-9
VODKA 67 COM�N X6;5700;7798181920153;0
PASO DE LOS TOROS TONICA 1.5LT X6;1800;7798186030548;-45
YERBA UNION LIVIANA 500GRS X1;0;7790387014143;-14
PEPSI 2LT X6 LIGHT;3200;7798220440210;-56
PEPSI 1.5 LT X6;1200;7798220440227;-729
TANQUERAY 700ML X UNIDAD;8400;7798286430231;-3
PAN RALLADO PREFERIDO 500 GRS;200;7798286430514;-260
COCA VIDRIO 1L X12;4000;7798318340279;-2741
CHOCOLATADA BAGGIO SHAKE 200ML X 18;1530;7798338290493;-11
FERNANDO M�SS X6;1700;7798058140856;-23704
TIA MARIA CREMA X UNIDAD;2100;7792410504324;-12
JABON LUX X 3 UNID;690;7891024177655;-37
CAMPARI X750 X UNIDAD;2000;7891136052000;-106
PICADILLO SWIFT X 1;190;8999002672068;-60
UKO X CAJA 6;4800;47790036044321;-5
PAPEL HIGIENICO HIGIENOL MAX 100 MTS X UNIDAD;750;7790250015833;-73
RUMBA X UNIDAD;150;247.16;-2
CAJON BRAHMA;8400;2548.65;-7335
7UP 1.5 LT X6;2200;7UP01;-1638
7UP 2L X8;3800;7UP03;-84
POWERADE 500ML X6;1760;1240;-17
ALFAJOR BLOCK X UNIDAD;240;7790040659605;-25
ACEITE CARREFOUR 900ML;510;RN01;-94
ACEITE LIRA 1.5 LT GIRASOL;960;RN02;-9
ACEITE LIRA 900 GIRASOL;700;RN03;-46
ACEITE NATURA GIRASOL X1500CC;950;RN04;-139
ACEITE PUREZA 1.5 GIRASOL;900;RN05;-2
ACEITE FINCA EL LAZO 900ML;480;RN06;-598
ACOND PANTENE 400ML;690;RN07;-1
ADES 200ML X6;1000;RN08;-2
ADES 200ML X24;4000;RN09;-34
ADES 1L X8;3160;RN10;-434
AGUA BENEDICTINO 600ML X12;2000;RN11;-34
AGUA CELIER 2LT X6;800;RN12;-245
AGUA CELIER 600 X9;660;RN13;-1
AGUA CIMES 2LT X6;650;RN14;0
AGUA CIMES 500 X12;800;RN15;-166
BIDON CIMES 6.5 LT;390;RN16;-330
AGUA GLACIAR 1.5L X6;1200;RN17;-1
AGUA GLACIAR 2L X6;1800;RN18;-615
AGUA GLACIAR 700ML X6;1000;RN19;-5
AGUA GLACIAR BID�N X1;360;RN20;-24
AGUA MANAOS 2L X6;950;RN21;-6633
AGUA MANAOS 600 X 12;990;RN22;-3231
BIDON VILLAMANAOS 6LTS;460;RN23;-714
AGUA NESTLE 1.5L X6;900;RN24;-65
AGUA VILLA DEL SUR 1.650LT X6;1300;RN25;-223
AGUA VILLA DEL SUR 2LT X6;1800;RN26;-32
AGUA VILLAVICENCIO 1.5L X6;1200;RN27;-17
AIME MALBEC 750ML UNIDAD;550;RN28;0
AIME MALBEC 750ML X6;3300;RN29;0
ALARIS UNIDAD;2640;RN30;0
ALARIS CAJA X6;2640;RN31;0
ALCOHOL DR FARMA 50ML X UNIDAD;150;RN32;-7
ALCOHOL DR FARMA 50ML X 36;5000;RN33;-1
ALMA MORA X UNIDAD;1500;RN34;-100
ALMA MORA X6;9000;RN35;-167
ALOHA RON MAYOR;1320;RN36;0
AMARULA 750ML X UNIDAD;12285;RN37;-2
ANANA DEL VALLE CAJA X6;2800;RN38;0
ANANA DEL VALLE X UNIDAD;470;RN39;0
ANANA FIZZ LA VICTORIA X UNIDAD;560;RN40;0
ANANA FIZZ LA VICTORIA X CAJA;3340;RN41;0
ANANA FIZZ REAL X UNIDAD;560;RN42;0
ANANA FIZZ REAL X CAJA;3340;RN43;0
ANANA FIZZ LA QUINTANA X UNIDAD;390;RN44;0
ANANA FIZZ LA QUINTANA X CAJA;2340;RN45;-1
ANIS 8 HERMANOS X UNIDAD;1620;RN46;-18
ANIS 8 HERMANOS X 6;9720;RN47;0
APEROL 750 ML X UNIDAD;1700;RN48;-4
APEROL 750 ML X 6;10200;RN49;0
ARVEJA INALPA;150;RN50;0
AYUDIN 1L X UNIDAD;250;RN51;-343
AYUDIN 2L X UNIDAD;400;RN52;-91
BACARDI BLANCO 750ML X UNIDAD;6000;RN53;-4
BACARDI ORO 750ML X UNIDAD;6000;RN54;0
BIG C 1L X12;2820;7798287610090;-10
BIG C 200MLX18;1320;7798287610021;-21
BALLANTINES 1L X UNIDAD;7500;RN57;0
BALLANTINES 750 ML X UNIDAD;7000;RN58;0
BARON B EXTRA BRUT X UNIDAD;5200;RN59;0
ALAMOS X UNIDAD;2300;RN60;0
ALAMOS X 6;13800;RN61;-2
ASADO CLUB X UNIDAD;1500;RN62;0
ASADO CLUB X 6;9000;RN63;0
BENJAMIN MALBEC X UNIDAD;1390;RN64;-7
BENJAMIN MALBEC X 6;8400;7790070760104;-2
AGUA VILLAVICENCIO 2L X6;1800;RN66;-82
AGUA VILLAVICENCIO 500 X12;1700;RN67;-486
BLENDER 1L WISKY;2000;7792410010009;-29
BOLS LICOR UNIDAD;1200;RN69;-15
BOLS LICOR X 6;6000;1200;0
BOLS LICOR X 12;14400;RN71;0
BOMBAY 750 ML;12315;RN72;-6
BRANCA FERNET 1L X UNIDAD;3900;7790290000523;-1327
BRANCA FERNET 1L X 6;23400;RN74;-155
BRANCA FERNET 1L X 12;46800;RN75;-7
BRANCA FERNET 450 ML X UNIDAD;2000;1580;-748
BRANCA FERNET 450 ML X 6;12000;RN77;-3
BRANCA FERNET 450 ML X 12;24000;18960;-64
BRANCA FERNET 750 ML X UNIDAD;2900;7790290101602;-1899
BRANCA FERNET 750ML X 6;17400;RN80;-96
BRANCA FERNET 750ML X 12;34800;RN81;-61
BRANCA MENTA 750 ML X UNIDAD;1900;RN82;-7
BRANCA MENTA 750ML X 6;10800;RN83;0
BRANCA MENTA 750ML X 12;21600;RN84;0
BRANCA MENTA 450 ML X UNIDAD;1200;RN85;-15
BRANCA MENTA 450 ML X 6;7200;RN86;-1
BRANCA MENTA 450 ML X 12;14400;RN87;0
FERNET 1882 750 ML X UNIDAD;1770;RN88;-77
FERNET 1882 750ML X 6;10620;RN89;-6
FERNET IMPERIO 750 ML X UNIDAD;800;RN90;0
FERNET IMPERIO 750ML X 6;4800;RN91;-1
FERNET CAPRI 750 ML X UNIDAD;800;RN92;-1
FERNET CAPRI 750ML X 6;4800;RN93;0
FERNET BUHERO X UNIDAD;2400;RN94;-24
FERNET BUHERO X 6;14400;RN95;0
FERNET BUHERO X 12;28800;RN96;-2
LICOR PETERS COM�N 700ML X UNIDAD;750;RN97;-22
LICOR PETERS COM�N 700ML X 6;4500;RN98;-2
LICOR PETERS CREM 700ML X UNIDAD;850;RN99;-1
LICOR PETERS CREM 700ML X 6;5100;RN100;0
LICOR BOLS COMUN 700ML X UNIDAD;850;RN101;-9
LICOR BOLS COMUN 700ML X 6;5100;RN102;-1
LICOR CUSENIER CREM 700ML X UNIDAD;1440;RN103;-4
LICOR CUSENIER CREM 700ML X 6;8640;RN104;0
LICOR CUSENIER COMUN 700ML X UNIDAD;1000;RN105;-95
LICOR CUSENIER COMUN 700ML X 6;8040;RN106;0
CAFE ARLISTAN 170G UNIDAD;950;RN107;-12
CAFE ARLISTAN X100 GRS UNIDAD;599;RN108;-50
CAFE DOLCA SUAVE 170GRS UNIDAD;1500;7613287953476;-39
CAFE DOLCA SUAVE X 170 GRS REPUESTO X UNIDAD;1290;7613287953490;-23
CAFE DOLCA MOCHA X 125 GRS REPUESTO X UNIDAD;400;RN111;-15
CAFE LA MORENITA 100G X UNIDAD;580;RN112;-14
CAJON 1890;3500;RN113;-596
CAJON AMSTEL;7700;RN114;-4269
CAJON BAJO CERO;7000;RN115;-12
CAJON IMPERIAL VARIEDADES;8510;RN116;-27
CAJON ISENBECK;0;RN117;-10
CAJON SCHNEIDER;5600;RN118;-69
CAJON WARSTEINER;5600;RN119;-309
CALDO KNORR X12;280;RN120;-6
CHANDON MINI X UNIDAD;850;RN121;-1
CHANDON X CAJA DE 6;15000;RN122;0
PRINGLES PAPAS FRITAS COMUN X UNIDAD;970;38000184932;-25
BOMBAY RASPBERRY;13560;148669;-1
COLON X UNIDAD;880;RN125;-41
CORONA X 330 X24UN;9500;RN126;-45
CORONA X 330 X6UN;2375;RN127;-2
CORONA X 710 X6UN;4200;RN128;-24
NORTON COSECHA TARDIA X UNIDAD;990;7792319972225;-476
VINO NORTON COSECHA TARDIA X CAJA 6;5940;7792319972224;-74
DADA BLANCO X UNIDAD;1300;RN131;-6
DADA BLANCO X CAJA 6;7800;RN132;-14
DON VALENTIN LACRADO X1;1250;RN133;-75
DR LEMON BOTELLA 1L UNIDAD;850;RN134;-2543
DR LEMON BOTELLA 1L CAJA X12;10200;RN135;-126
DR LEMON LATA X6;1680;RN136;-34
DR LEMON LATA X24;6700;RN137;-5
DURAZNOS EN LATA X UNIDAD;470;RN138;-209
DURAZNOS EN TROZOS X UNIDAD;370;7798318340033;-1448
ELEMENTOS X UNIDAD;1050;RN140;-6
ELEMENTOS X CAJA 6;6300;RN141;-2
EMILIA TINTO X UNIDAD;1600;RN142;-17
EMILIA TINTO X CAJA 6;9600;RN143;-8
EMILIA BLANCO X UNIDAD;1380;RN144;-3
EMILIA BLANCO X CAJA 6;8280;RN145;0
ESPACIAL  MATA HORMIGA;250;RN146;0
ESPONJA;150;RN147;-62
ESPONJA DE ACERO;150;RN148;-4
ESTANCIA MENDOZA X UNIDAD;550;7790314075261;-4
ESTANCIA MENDOZA X CAJA 6;3300;RN150;-4
ETCHART PRIVADO BLANCO X UNIDAD;880;RN151;-1
ETCHART PRIVADO BLANCO X CAJA6;5280;RN152;-14
AZUCAR LEDESMA X UNIDAD;800;RN153;-100
AZUCAR LEDESMA X PACK 10;7900;RN154;-99
FINCA LA SOFIA X1;850;7798186890142;-13
FINCA LA SOFIA X6;5100;RN156;-9
FRESHA DEL VALLE CAJA X6;2820;RN157;0
FRESHA DEL VALLE X1;470;RN158;0
FRESH CERO 1.5L X6;1900;RN159;-1
FRESH 1.5L X6;2100;RN160;-5665
FRESH X500 X6;1600;RN161;-207
FRIZZE 1L AZUL X CAJA 6;3000;RN162;-153
FRIZZE LATA X UNIDAD;233.33;RN163;-1
FRIZZE LATA X6;1400;RN164;-5
GANCIA X950 X CAJA 12;12400;RN165;-71
GATORADE 500;2300;RN166;-632
GATORADE 750ML;2600;RN167;-31
GATORADE 1LT;3150;RN168;-213
HARINA CASERITA;230;RN169;-324
HARINA BLANCAFLOR LEUDANTE;315;RN170;-96
LATA ANDES X6;2125;RN171;-26
LATA ANDES X24;8500;RN172;-13
LATA BLUE DEMON X UNIDAD;210;RN173;-171
LATA BRAHMA CHOPP X24;8800;RN174;-3374
LATA BRAHMA CHOPP X6;2200;RN175;-355
LATA GANCIA X1;300;RN176;0
LATA GANCIA X6;1800;RN177;-15
LATA HEINEKEN 473 X6;2750;RN178;-90
LATA HEINEKEN 473 X24;11000;RN179;-131
LATA IGUANA 473 X6;1750;RN180;-26
LATA IGUANA 473 X24;7000;RN181;-176
LATA PALERMO 473 X6;1750;RN182;-24
LATA PALERMO 473 X24;7000;RN183;-98
LATA IMPERIAL LAGERX6;2250;RN184;-38
LATA IMPERIAL LAGER  x24;9000;RN185;-32
LATA MILLER 473 X6;3000;RN186;-27
LATA MILLER 473 X24;12000;RN187;-102
LATA QUILMES X6;2240;1425;-115
LATA QUILMES X24;8960;RN189;-480
LATA QUILMES STOUT X6;1630;RN190;-54
LATA QUILMES STOUT X24;6500;RN191;-17
LATA SCHNEIDER X6;2500;RN192;-89
LATA SCHNEIDER X24;10000;RN193;-297
LATA STELLA ARTOIS X6;2500;RN194;-49
LATA STELLA ARTOIS X24;10000;RN195;-84
LATON SCHNEIDER X6;3625;RN196;-179
LATON SCHNEIDER X24;14500;RN197;-377
LATON MILLER X6;4875;RN198;-15
LATON MILLER X24;19500;RN199;-48
LATON HEINEKEN X6;5250;3850;-141
LATON HEINEKEN X24;21000;RN201;-138
LATON IMPERIAL X6;4275;RN202;-30
LATON IMPERIAL X24;17100;RN203;-18
"TOPLINE ""SEVEN"" X16";2350;7790580326906;0
"MENTHOPLUS ""ZERO""";1850;7790580468002;-14
LAVANDINA AYUDIN 1L X UNIDAD;190;RN206;-150
LAVANDINA HEROE 1L;89;RN207;-344
LEGUI X750;1000;7791250001482;-148
LIMPIA PISO POET;139;RN209;0
LIMPIA PISO PROCENEX;155;RN210;-1
LIMPIA PISO MULTIMAX COM�N;205;RN211;-25
LIMPIA PISO MULTIMAX CITRONELA;265;RN212;-11
DESODORANTE GLADE;950;RN213;-3
MAYONESA HELLMANNS 475 GRS;280;RN214;-109
MICHEL TORINO CAJA X6;1800;RN215;-75
MICHEL TORINO X1;300;RN216;-35
MIRINDA 1.5LT X6;1700;RN217;-108
MONSTER X6;2800;RN218;-102995
MAYONESA HELLMANNS 237 DOY PACK;240;RN219;-63
MAYONESA HELLMANNS 125 GRS;145;RN220;-714
REBOZADOR PREFERIDO;175;RN221;-65
NEW AGE X CAJA 6;5700;RN222;-20
DILEMA X1;800;28;-43
PAPEL HIGI�NICO CAMPANITA AZUL X 4D/H;750;7791070000856;-103
DILEMA X6;4800;29;-2
J&B URBAN HONEY X1;4000;5010103934480;-7
PRINGLES PAPAS FRITAS SABOR X UNIDAD;970;38000184949;-2
HUEMUL TINTO X1;700;7791670025976;0
HUEMUL TINTO X6;4200;26;0
PAPEL SERVILLETA ELEGANTE X80 X UNIDAD;290;7793344902057;-19
LLUVIA NEGRA BCO O TINTO X1;820;7798334110047;-67
LLUVIA NEGRA X6;4920;27;-11
PATE SWIFT X24;3840;RN233;-4
PEPITOS X3 CON CHISPAS 357G;599;RN234;-99
RHODESIA X1;140;47;-92
PETACA ANIS X CAJA 12;70560;RN236;0
PETACA BOLS X CAJA 12;846720;RN237;0
PETACA CRIADORES X CAJA 12;6000;RN238;-176
PETACA CUSENIER X CAJA 24U;10800;RN239;-41
PETACA DOBLE W X CAJA 12UN;4200;RN240;-5
PETACA PETERS X UNIDAD;350;RN241;-37
PETACA PETERS X 12;4200;RN242;0
PETAKON X UNIDAD;300;RN243;-389
PETAKON X 12;3360;RN244;-53
PICADILLO SWIFT X 24;4500;RN245;-1
PETACA PI�A MOONLIGHT CLUB X UNIDAD;100;RN246;0
POETT LIMPIA PISO X12;3480;RN247;-28
POETT CANASTA X1;165;RN248;-104
PORRON HEINEKEN 330 X 6;2000;RN249;-48
PORRON HEINEKEN 330 X 24;8000;RN250;-9
"PURE DE PAPAS""MAGGI""X 125GR";300;RN251;-26
TOMATE PERITA ALCO X 1;120;RN252;-111
RED BULL PACK X24;7200;RN253;-68
REJILLA X1;40;RN254;0
RESERVA SAN JUAN X750 X CAJA 6;12600;RN255;-1
SANTA FILOMENA 700ML X CAJA6;1980;RN256;-37
SANTA FILOMENA 1250 X CAJA 6;4900;RN257;-768
SANTA JULIA ROSE X 1UN;1360;7791728002218;-40
SANTA JULIA MALBEC X 1UN;1220;7791728243857;-7
SCHWEPPES 1.5  X6;2650;RN260;-401
SECCO 2.25L X6;1800;RN261;-721
SECCO 3L X6;2400;RN262;-570
SERNOVA CLASICO X CAJA 6;13200;7790290101510;-2
SERNOVA SABOR X UNIDAD;2600;RN264;-11
SERNOVA SABOR X CAJA 6;15600;RN265;0
SIDRA 1888 X CAJA 6;6000;RN266;-24
SIDRA DEL VALLE X CAJA 6;2400;RN267;-6
SIDRA LA FARRUCA X CAJA 6;4400;RN268;-1
SIDRA LA QUINTANA X CAJA 6;1800;RN269;-2
SIDRA LA VICTORIA X CAJA 6;3000;RN270;-13
SKYY CLASICO X UNIDAD;2420;RN271;-51
SKYY SABOR X CAJA 12;33600;RN272;-12
SKYY SABOR X UNIDAD;2800;RN273;-270
SMIRNOFF CLASICO X CAJA 6;225800;RN274;-13
SMIRNOFF CLASICO X UNIDAD;1900;7791250001345;-118
SMIRNOFF SABOR CAJA 6;12060;RN276;-32
SMIRNOFF SABOR X UNIDAD;2010;7791250002243;-343
SMUGGLER X LITRO X CAJA 6;16800;16200;-2
SODA MASS X6;1000;RN279;-4
CHAMPAGNE SUTER X CAJA 6;2700;RN280;0
TEQUILA CAMACHO X UNIDAD;900;RN281;0
TEQUILA SOL AZTECA X UNIDAD;1200;RN282;0
TERMIDOR BLANCO CAJA X12;6000;RN283;-40
TORO VIEJO 700  X1;418;RN284;-6
TORO 1.125 TINTO X1;1020;7790314005305;-39
VALDERROBLES MAGNUM X1;1000;RN286;-9
VALMONT X CAJA 6;2800;RN287;0
VIEJO SOLAR X CAJA 6;3100;RN288;0
VI�A DE BALBO X CAJA 6;4600;RN289;-694
VI�AAS DE ALVEAR TINTO 1.125 X CAJA 6;4800;RN290;-754
YERBA AMANDA 500GRS X1;750;7792710006436;-154
YERBA AMANDA 500GRS X10;7500;RN292;-13
YERBA AMANDA 1K X10;12000;RN293;0
YERBA CHAMIGO 500GRS X1;0;7790060054961;-123
YERBA CHAMIGO 500GRS X10;0;RN295;0
YERBA CRUZ MALTA 500GRS X10;0;RN296;0
YERBA NOBLEZA GAUCHA 500GRS X1;690;7790070506696;-92
YERBA NOBLEZA GAUCHA 500GRS X10;6900;RN298;-2
YERBA NOBLEZA GAUCHA 1K X1;1250;7790070509116;-45
YERBA NOBLEZA GAUCHA 1K X10;12500;RN300;-1
YERBA UNION LIVIANA 500GRS X10;5100;RN301;0
YERBA VERDEFLOR 500GRS X10;5500;RN302;0
YERBA VERDEFLOR 500GRS X1;550;RN303;-7
YERBA VERDEFLOR 1K X1;1200;RN304;-1
YERBA VERDEFLOR 1K X10;12000;RN305;0
CHICLE TOPLINE X CAJA 16;1600;RN306;-20
FRESITA X UNIDAD;1290;RN307;0
FRESITA X CAJA 6;7740;RN308;-9
SHAMPOO PANTENE 400ML;690;RN309;-8
YERBA LA MERCED 500GRS X1;1200;7790387015607;-36
YERBA LA MERCED 500GRS X10;9600;RN311;-0.2
NOVECENTO X UNIDAD;800;RN312;-2
NOVECENTO X CAJA 6;4200;RN313;-3
VI�A MAYOR X UNIDAD;600;RN314;0
VI�A MAYOR X CAJA 6;3600;RN315;-8
JASMINE MONET X UNIDAD SOLA ROSA;2600;RN316;0
JASMINE MONET X UNIDAD C/CAJA ROSA;3800;RN317;0
JASMINE MONET X UNIDAD C/FRAPERA ROSA;6890;RN318;0
JASMINE MONET X UNIDAD SOLA BCO NEGRO;3250;RN319;0
JASMINE MONET X UNIDAD C/CAJA BCO NEGRO;4360;RN320;0
JASMINE MONET X UNIDAD C/FRAPERA BCO NEGRO;8290;RN321;0
ARTICULOS;100;.COD;0
DEUDA;1;2;-197359
SAL GRUESA DOS ANCLAS;185;3;-28
PURE TOMATE MOLTO LATA X1 UN;250;4;-726
PURE TOMATE MOLTO CAJA X1UN;290;5;-230
POLVORITA X UNIDAD;125;7790040314207;-37
QUESO LA QUESERA X UNIDAD;120;7792882000201;-692
DENTRIFICO ODOL X UNIDAD;190;9;-94
DENTRIFICO COLGATE X UNIDAD;0;10;-134
ZUMUVA X12 TTO O BCO;6000;11;-371
YERBA CACHAMATE 500 GRS X UNIDAD;500;7792280005730;-52
GALLETITAS EXPRESS X UNIDAD;310;13;-5
7UP 2.25 LT X8;3800;14;-931
CIGARRILLOS RED POINT 10U BOX X PAQUETE;220;15;-22
CIGARRILLOS RED POINT 20U BOX X 10 PAQ;4050;16;-313
CAJON IMPERIAL GOLDEN;8900;17;-199
CIGARRILLOS MASTER COMUN X PAQUETE;370;18;-11
CIGARRILLOS MASTER COMUN X 10 PAQ;3620;19;-294
PAPEL ELEGANTE DOBLE HOJA X30 X UNIDAD;700;7793344000517;-14
PAPEL HIGIENICO HIGIENOL DOBLE HOJA 30 MT X UNIDAD;440;7790250019633;-56
YERBA UNION 500GRS X1;800;7790387014624;-307
YERBA UNION 500GRS X10;8000;21;-93
COCA LATA X6 354ML;1700;7790895067587;-626
TOPLINE REGULAR CHICLE X16;1600;7790580104252;-87
SANTA FILOMENA 1250 X BOTELLA;820;23;-103
VI�AS DE ALVEAR BLANCO 1.125 X CAJA 6;2400;24;-19
VI�AS DE ALVEAR BLANCO 1.125 X BOTELLA;400;25;0
POLENTA PRESTOPRONTA 500GR;299;7790580660000;-192
YERBA PLAYADITO 500GR X1;890;7793704000911;-684
CHOCOLINAS X262GR;440;7790040139404;-106
CHOCOLINAS X150GR;340;7790040139398;-121
GALLETITAS CRACKERS S/SAL 450G X1;350;7790697000621;-10
GALLETITAS CRACKERS C/SAL 450G X1;380;40;-22
PETACA J&B X1;550;41;-3
PEPAS 9 DE ORO X1;155;44;-61
PETACA OFERTA X1;150;43;-25
PEPITOS 357G X1;210;45;-263
DIVERSION 398GRS X1;485;7790040138902;-162
RHODESIA X4;560;48;-153
REX 125GRS X1;0;7790040719804;-139
COFLER CHOCOLATE X1;280;7790580103521;-37
RON HAVANA CLUB 750CC;3600;49;-3
TERRABUSI BOCA DE DAMA;180;50;0
YERBA MA�ANITA 500GRS X1;790;51;-334
TOFI ALFAJOR X1;125;7790040116634;-586
TOFI ALFAJOR X6;750;53;-218
COQUITAS X1;300;54;-110
TURRON X1;50;55;-3612
MAIZENA  X220GR X1UN;330;56;-17
PEPSI 500ML X6;1000;57;-38
PAPEL HIGIENICO ELITE X30MTS;660;58;-18
CIRCUS X1;1130;59;0
CIRCUS X6;6790;61;-4
CRIOLLITAS 100GRS X1;85;7790040377707;-295
OREGANO LA CAMPAGNOLA;200;62;-22
PROVENZAL LA CAMPAGNOLA;250;63;-15
ADOBO LA CAMPAGNOLA;230;64;0
PIMENTON LA CAMPAGNOLA;240;65;-24
YERBA AMANDA H.SERRANA 500;600;;-11
GLADE DIFUSOR X270CC;950;67;0
DENTRIFICO KOLINOS X UNIDAD;240;68;-656
OPERA 55GRS X1;130;77903501;-662
GUAYMAYEN ALFAJOR X1;55;77980212;-340
GUAYMAYEN ALFAJOR CAJA X40;2200;70;-131
PAPEL ROLLO COCINA SOL MAYOR X200;360;7791070005714;-324
FORMIS GALLETITAS X1;150;71;-240
HARINA CASERITA 000 X1;125;72;-323
QUERUBIN X1;430;73;-53
ARROZ LUCHETTI X1;215;74;-115
CIGARRILLO RED POINT COM�N X20;3900;75;-378
TORO VIEJO 700 X 6UN;2500;76;0
YERBA AMANDA 250G;350;77;-178
YERBA AMANDA H.SERRANA X BULTO;4500;78;0
OKEBON X165GRS;100;79;-111
OKEBON X257GRS;210;80;-82
GALLETITAS 10 SEMILLAS OKEBON;230;81;-74
OPERA X92 GRS;170;82;-26
SALADIX PAPA FRITA X58GRS;350;83;-119
SALADIX CROSS X27GRS;170;84;-232
ACEITE COCINERO GIRASOL X900ML;590;85;-67
ACEITE COCINERO MEZCLA X900ML;430;86;-99
ACEITE NATURA GIRASOL X900CC;550;87;-140
ACEITE CA�UELAS GIRASOL X900CC;650;88;0
ACEITE CA�UELAS X1500CC;900;89;-308
ACEITE COCINERO GIRASOL X1500CC;1100;90;-144
ACEITE LEGITIMO GIRASOL X900CC;420;91;0
ACEITE MAROLIO GIRASOL X900CC;440;92;-6
VINO CATENA  X1;4440;93;0
VINO CATENA X6;26640;94;0
ACEITE SIGLO DE ORO MEZCLA X900CC;440;95;-11
SALADIX CROSS 67GR;180;7790040130883;-91
CAPELETINIS X UNIDAD;750;96;-6
MAYONESA BC X250G;350;7790580135461;-82
KETCHUP LA CAMPAGNOLA X250G;220;7793360103018;-6
BARBACOA LA CAMPAGNOLA X250G;420;7793360123474;-20
MOSTAZA NATURA X250G;215;7791866004211;-16
CIRUELA ARCOR X454G;500;7790580123437;0
AQUARIUS X 1.5L;2300;98;-171
AQUARIUS X500ML;2150;99;-92
HESPERIDINA X 1 LT;1880;100;0
AZUCAR SALVADOR;700;101;-4598
CHOCOLATADA BAGGIO SHAKE 200ML X 1;85;7790036972602;-5
LATA BRAHMA DORADA X 6UN;1950;103;-54
LATA BRAHMA DORADA X 24 UN;7800;104;-7414
LATA WARSTEINER X 6 UN;1650;105;-9
MOGUL GOMAS SANDIAS;1670;7790580121105;-5
MOGUL GOMITAS X12 DINO OSITO PIECITO;1300;7790580200114;-91
LATA WARSTEINER X24;6600;108;-92
LATA SOL X1;265;109;-360
LATA SOL X6;1800;110;-18
LATA SOL X24;7200;111;-33
CAJON BUDWEISER;0;148657;-356
CAJON QUILMES BOCK;8000;113;-15
SALADIX PAPAS X 30 GR;240;116;-77
CRIOLLITAS X 3 UN 300GR;380;115;-239
DULCE EN FRASCO;480;117;-34
PISCO MISTRAL ESP.;3950;118;0
CATENA ZAPATA X 1UN;5300;119;0
PAPEL ROLLO COCINA CAMPANITA X 3;400;120;-82
PAPEL HIGIENICO CAMPANITA SOFT X4;350;121;-300
PAPEL HIGIENICO CAMPANITA PLUS 4X30MTRS;390;7791070005639;-355
PAPEL ROLLO COCINA CAMPANITA 50 PA�OS;400;148641;-219
MOLINOS CEREALES;280;148642;-113
CAFE DOLCA X 50GR;660;7613287953018;-9
LECHE LA LECHELITA X 1 LITRO;360;148644;-698
LECHE LA LECHELITA X BULTO;4300;148645;-29
DR LEMON LATA UNIDAD;280;148646;-68
DR LEMON LATA TROPIC GIN UNIDAD;330;148647;0
CARAMELOS MASTI X800GR FRUTA;1630;7790580178208;-116
LATA CORONA 410CC X6;2180;148649;-11
LATA CORONA 410CC X24UN;8720;148650;-24
PETACA BLENDERS UNIDAD;550;148651;-15
PETACA BLENDERS BULTO X 24;13200;148652;0
FERNET VITTONE 750CC;800;148653;-65
AMARGO OBRERO UNIDAD;600;148654;0
GRANADINA CUSENIER 750CC;1000;148655;-4
WISKY RED LABELX 750CC;5800;148656;-2
BIDON VILLA DEL SUR X1;550;148658;-47
RESERO CLASICO X 700 X6;3540;7790314079122;-206
OREO LARGA;525;148660;-253
CIGARRILLOS MENTOLADO;4220;148661;-104
ARCOR CAJA CHOCOLATE SURTIDA;1190;148662;-132
ARCOR CAJA BON O BON X255GRS;1650;148663;-61
TE LA VIRGINIA X 50 GR;275;148664;-63
MACUCAS;250;7790040133495;-1650
DADA TINTO X UNIDAD;1500;148666;-30
DADA TINTO X CAJA6;9000;148667;-11
VODKA BOLS SABORIZADOS;1000;148668;0
GIN BEEFEATER 24;8300;148670;0
MOGUL ROLLO X12U;1400;7790580603809;-26
ARCOR HUEVO SORPRESA X1;200;7790580133573;-135
COFLER CHOCOLATE GRANDE X1;540;7790580105945;-43
ALFAJOR TOFI X 1;110;7790040116610;-398
GALAN PATERO TINTO X 6;5000;7794400000915;-2
ARCOR CAJA BON O BON X450GRS;1750;148671;-12
"PURE DE TOMATES ""BULNES""";230;7791720030172;-27
HARINA PUREZA;385;148673;-20
"HARINA""TASSARA"" 0000";205;148674;-253
"PURE TOMATE""VIGENTE""";220;148675;-183
LATA AMSTEL X 24UN;10000;148676;-23
LATA AMSTEL X 6 UN;2500;148677;-10
LATA IMPERIAL GOLDEN X 24 UN;10800;148678;-17
LATA IMPERIAL GOLDEN X 6 UN;2700;148679;-26
"AQLFAJOR ""EL ARRIERO""";90;148680;0
ACEITE PUREZA 900CC;700;148681;0
SODA SECCO;1500;148683;-22
MOGUL FRUTILLA/SANDIA ACIDA 500GR;1670;148684;-40
CALLE LARGA X1;900;148685;-43
RESERO PATERO CHICO X1;590;148686;-42
RESERO PATERO GRANDE X1U;867;7790314078842;-14
RESERO PATERO1125 PACK X6;5200;148688;-17
BON O BON BARRA XL X1;200;7790580109646;-60
BON O BON BARRA XL  CAJA 16 BCO/NEGRO;3200;7790580110130;-8
POLENTA LA MOROCHA X500G;165;148691;-19
ARCOR MILK BARRITAS UNIDAD;90;148692;-8
ARCOR MILK BARRITAS CAJA;1500;7790580133450;-11
MOGUL TUBITOS X12;1190;7790580133849;-30
FLYNN PAFF X UNIDAD;20;148695;0
ALFAJOR EL ARRIERO;90;148696;-137
FREEGELLS X1;50;148697;-1
LATA BUDWAISER X6UNIDAD;2125;148698;-14
LATA BUDWAISER X 24 UNIDAD;8500;148699;-21
GALLETITA VOCACION X 3 UNIDADES;500;148700;-57
PORRON MILLER X6 UNIDAD;2000;148701;-8
PORRON MILLER X 24 UNIDAD;8000;148702;-5
LATON IMPERIAL GOLDEN 710CC X 6 UN;4500;148703;-36
LATON IMP GOLDEN X 24 UN2930;18000;148704;-27
"JABON EN POLVO ""ZORRO""X 400GR";350;148705;-15
PAPEL ROLLO COCINA ELEGANTE CLASSIC;400;7791070000030;-40
VINO LATITUD 33 X1UN;1100;148706;-4
LATITUD 33 X6U CAJA;7200;148707;-7
ROCKSTAR X6;670;148708;0
"CAJON ""IPA O APA"" IMPERIAL";7800;148709;-9
MOGUL ANILLOS BOLSA 1KG;2530;7790580309602;-18
MISKY BOLSA GOMITAS 1KG;1600;7790580640101;-27
LAVANDINA ESENCIAL;200;0;-148
MARL� BLANCO DULCE X1;1300;1;0
MARL� BLANCO DULCE X6;7800;1212;0
MARLBORO COM�N X20;7300;1213;-11
MARLBORO BOX X20;9100;1214;-10
MARLBORO CRAFTED BOX X20;7400;1215;-7
MARLBORO CRAFTED COM�N X20;5900;1216;-8
MARLBORO FUSI�N X12;4400;1217;-10
MARLBORO COM�N X12;4900;1218;-7
MARLBORO FUSI�N X20;8500;1219;-7
PHILIP MORRIS ORIGINAL X12;4300;1220;-11
PHILIP MORRIS MENTOLADO X20;7300;1221;-11
PHILIP MORRIS MENTOLADO X12;4400;1222;-13
PHILIP MORRIS COM�N X20;6500;1223;-16
CHESTERFIELD COM�N X10;4300;1224;-7
CHESTERFIELD COM�N X20;5400;1225;-11
CHESTERFIELD BOX X20;7400;1226;-17
CHESTERFIELD BLUE MOTION X20;8000;1227;-11
GIN HEREDERO;2850;1228;-1
SAL CELUSAL PAQUETE 500GR;185;1229;-208
FIDEOS ARCOR;360;1230;-66
PAPEL HIGIENICO CAMPANITA TEXTURADO X4;350;1231;-17
SEXY FISH X1;1400;1232;-3
SEXY FISH X6;8400;7792319971234;-1
POLENTA DEL CAMPO X500GRS;130;7798004720088;-38
BON O BON DULCE DE LECHE 192GR;1300;7790580129781;-4
CARAMELOS BUTTER TOFFEES BOLSA;1490;7790580134099;-5
CHUPETINES COSMOS BOLSA 500GR;900;7790580790301;-8
MERMELADA DURAZNO/DAMASCO/CIRUELA ARCOR X1;410;1233;-47
MERMELADA NARANJA ARCOR X1;590;1234;-7
MAYONESA BC X125G;200;1235;-108
CHAMPAGNE NOVECENTO 750CC UNIDAD;650;7790717152026;0
CHAMPAGNE NOVECENTO X CAJA 6 UN;3900;7790717152025;-10
POLVORITA FRUTILLA/FRESA;0;7793450000128;-6
MAYONESA NATURA 125GR UN;175;7791866001197;-346
MAYONESA NATURA 125GR BULTO;3480;47791866001195;-3
AZUCAR SAN JOAQUIN X 10 UN;6600;1236;-470
CARPANO ROSSO X1;1400;1237;-19
DESODORANTE PASTILLAS PARA INHODORO;180;1238;-13
TOMATE PERITA MOLTO X1;290;7791579069323;-28
BAGGIO 200ML X18;2800;1239;-542
WISKY BLENDERS HONEY 750CC;1650;1241;0
GIN BRIGHTON;2200;1242;-2
ARROZ GALLO ORO X 1KG;810;1243;-41
ARROZ ALA MOLINO 1KG;475;7791120099847;-122
FERNANDO FORTE ET NEGRA;1600;7793653231619;-76
KESITAS CAJA 125 GR;390;7790040173200;-20
REX TUBO 75GR;190;7790040100336;-109
KESITAS BOLSA 75 GR;290;7790040003606;-53
SHAMPOO Y CREMA ENJUAGUE SEDAL 340ML;460;7791293045764;0
SEDAL SHAM/CREM 340GR;575;7791293045955;-31
AGUA ECO SPORT X 1LT X6UN;1600;7792799000639;-10
VINO LUIGI BOSCA X 1 UN;2500;7791203001248;-5
TRUMPETER X1UN;3450;7790577002165;-6
CHESTERFIELD MENTOLADO X12;3700;1246;-1
MOGUL CONITOS 1KG;2530;7790580311315;-11
AZUCAR SALVADOR X 10 UN;6900;1248;-150
LATITUD 33 UNIDAD;1200;1249;0
TRUMPETER X CAJA;20700;7790577002166;-4
VAL SUD RED BLEND MAGNUN UN;900;7798415210017;0
VAL SUD RED BLEND MAGNUN X 6U;5400;1250;0
VAL SUD 3/4 X UN CLASSIC;762;7798415210048;-10
VAL SUD MALBEC X 1UN;1600;7798415210031;0
VAL SUD MALBEC X PACK;9600;1252;0
VAL SUD SYRAH X 1UN;1325;1253;0
VAL SUD SYRAH PACK;7900;1254;0
LICOR TRES PLUMAS;900;1255;-4
LECHE LASERENISIMA UNIDAD;380;7790742363008;-42
HOJALMAR TRIANGULOS UNIDAD;310;7793450000129;-28
ALFAJOR BROWNIE CHOCO UNID;240;7790040133594;-15
HUEVO MILK SORPRESA BULTO;3000;7790580133597;-2
HUEVO MILK SORPRESA X UNIDAD;250;779058013357;-5
ALFAJOR TRIPLE BON O BON UNIDAD;240;1256;-4
ALFAJ CLASICO MINI TORTA X 69 GR UNIDAD;240;7790040133587;-6
HOGARE�AS X 3UN;475;7790040132955;-51
BIZCOCHOS 9 DE ORO X UN;220;7792180139719;-6
MANON;800;1258;-12
CHUPETIN EXTREME DUO;1200;7790580123857;-11
MOGUL DIENTES X500GRS;1140;7790580263102;-10
OBLEAS ARCOR TWIT;1900;779058012978;-13
ARCOR TWIT OBLEAS X 20UN;1950;7790580133429;0
CHUPETIN COSMOS X 500GR;1130;779058079030;-1
GOMITAS MISKY JELLY ROLL;1950;779058064010;-1
SIN PALABRAS X UN;1090;7798162670355;-1
SANTA JULIA TARD�O X 1UN;875;7791728001686;-7
SANTA JULIA DULCE TINTO X 1UN;1440;7791728005165;-20
SANTA JULIA EN LATA X24UN;14910;1259;-1
SANTA JULIA CHENIN DULCE X 1UN;1440;7791728000115;-13
OTARD DUPUY X1 UN;1050;7798115010337;0
BLENDERS HONEY 750ML;1800;7792410509268;0
BLOCK ENERGIZANTE;120;7798119220039;-127
BRIO AGUA SABORIZADA;1600;1261;-116
JABON DOVE 90 GR;280;7791293048543;-509
HARINA TASSARA 000;210;1262;-5
PORTE�ITAS;195;7790040132689;-49
YUMMY GOMITAS DINO OSITOS;1200;1264;-3
"JABON EN PAN ""ZORRO""";140;7790990001769;-12
TITA X 5 UN;540;7622201803285;-30
JABON CAMPOS VERDES X 3;160;1265;-76
JUGO BC X200 X 24 UN;2880;7793360106095;0
JUGO BC X 200CC X 6 UN;750;1266;0
SALSA BARBACOA X 250 G;430;779336012347;0
JUGO BC POLVO ARCOR X18;1250;7790580131623;-6
MAYONESA BC X250 GR;350;779058013546;-18
CHIMICHURRI LA CAMPA�OLA;250;7790580136215;0
BILLIKEN GOTITAS DE AMOR;1400;7798186032566;-6
MINI OREO;190;7622201761288;-98
MOSQUITA MUERTA X UNIDAD;5960;1267;0
NIETO SENETINER MALBEC X UN;4170;1268;0
TORO VIEJO CAJA X 3 LTS;2400;1269;-1
CHANDON BRUT NATURE;3600;1270;0
VODKA BRIGHTON;2500;1271;0
VODKA BEEFEATER;8200;1272;0
LUIGI BOSCA X 1UN;4600;1273;0
GANCIA LATA UN;408;1274;0
GANCIA LATA X 6U;2450;1275;-7
LECHE LARGA VIDA X1UN;425;11645123;-50
BON O BON BARRA CHICA X1UN BCO/NEGRO;130;7790580346515;-85
ARCOR SELECCION BOMBONES EN CASA;1200;7790580131388;0
ARCOR EL KIOSCO EN CASA;1200;7790580131371;-1
"MENTHOPLUS 2 ""DUO""X12U";1850;7790580115548;0
BON O BON BLANCO X 450G;1600;7790580119058;0
"HARINA TASSARA""000""";180;7792612000709;-91
PAPEL HIGIENICO CAMPANITA SOFT;310;7791070000078;-1
PAPEL ROLLO COC SOL MAYOR X 3 UN;290;7791070003222;-237
NOVECENTO MALBEC VINO X1UN;860;7790717152002;-2
NOVECENTO MALBEC VINO X CAJA 6UN;5160;1278;0
GALAN 11250CC UNIDAD;835;1279;-10
SPRITE 2.25L X8;5466;1280;-445
SERRANAS 336G X1;290;7790040704909;-15
PIPA TIRA X10UN;450;465152;-1
AZUCAR SAN JOAQUIN X 1UN;660;465153;-36
MERMELADA EMETH;200;7791113003417;-642
ACEITE PORTAL DEL SOL 900ML X1UN;410;656750805176;-6
YERBA RELUMBRON X1UN;200;656750732953;-197
BON O BON SURTIDO CAJA;1500;7790580119126;-1
LLUVIA NEGRA BCO RESERVA;850;334110146;0
UKO RESERVA MALBEC;950;7798284570168;0
QUESO LA SERENISIMA;2900;465154;-11
BON O BON TE QUIERO X 30 UN CHOCO;2700;7790580119133;0
BON O BON TE QUIERO X 30U LECHE;2700;779058011905;0
BON O BON BESOS DE CHOCOX 18UN;1900;7790580119157;0
ARCOR HUEVO SORP X CAJA;3700;465155;0
CHOCOLATE COFLER 55GR;490;7790580103439;-21
MARLO VINO X1UN;1000;465156;0
LUSTRAMUEBLES CARREFOUR X1UN;500;7798152226821;-3
CIGARRILLOS KIEL;2900;465157;-2
TOFI BARRA RELLENA CON DDL;5870;7790580746407;0
JUGO ARCOR SOBRES 18UN;1280;7790580131708;-6
MERMELADA CIRU.DURAZ.DAMASC;550;779058012343;-2
MENTHOPLUS REGUL X 12UN;1370;7790580101282;-1
MAGDALENAS RELLENAS;230;7793890256550;-199
PIPAS CANDY;750;7798044151149;0
PIPAS ROJAS;450;465158;0
MATE LISTO TARAGUI;300;7790387120363;-2
MENTITAS DRF;400;465159;0
CHUPETINES POP SELEC CAJA;450;465160;-2
ALFAJOR MILKA TRIPLE UN;250;77903778;-6
JABON REXONA X 1 UN;240;7791293049076;0
GATORADE 1.25L X6;3540;465161;-1
AQUARIUS X2.25L;2850;465162;0
